num0,num1,num2,perm
-0.3085494666670391,-0.1324651920463975,-0.044559540046738344,012
-0.07305380059569411,0.18488659069233926,-0.01988978778665973,021
-0.29026254093410897,0.1904788569769903,0.2251197929260066,012
-0.23699675917227248,0.14240872593932985,-0.0045427204275896305,021
-0.41669863724565115,-0.44488498383453356,0.13622237850351993,102
0.3165625858545972,-0.07542957577815579,-0.13204494867084482,210
0.3305704710302032,0.44112731571607167,0.27688571302113996,120
-0.002235346045242559,0.09105417724942722,-0.2532847665475869,120
0.10880320918433772,-0.25121263442456265,0.25577397688738657,102
0.1463018666334266,0.06148950123686725,0.34250478299493203,102
0.34656033501025707,-0.25468753695805857,0.16782913146489387,201
-0.44242756057875676,0.45605137630511006,0.03518915850737736,021
0.4806819379688577,0.06875335079309874,-0.33542446283386607,210
-0.12106322227043731,0.35487872538692444,0.4039377835531056,012
-0.31267901687665745,-0.12273072530180984,0.15327026969669677,012
-0.046561669127809124,0.13339079461314507,0.455763688129166,012
0.25487586733669043,0.14872867615065277,-0.3209269253165107,210
0.43114139141120256,-0.4010206352492848,-0.13378751528909383,201
0.2770078713858848,0.1674258556389927,0.1093046217238618,210
0.12179901432970042,-0.06750701895336819,0.4825869525679545,102
-0.4043147716719162,0.2934259411657506,-0.43447035184439253,120
0.48803737638358047,-0.17184049639971277,0.4648236146972373,201
0.20229276857396994,-0.49461636859850067,0.23554611505493472,102
-0.30940733995524994,0.06210707314737507,0.1556659592675983,012
-0.12031753708134496,-0.18545183790501318,0.2987286915402495,102
-0.4714047527658576,-0.05196536227383175,-0.3396692445453231,021
-0.3816613330228318,-0.42525673034957645,-0.4186817970188067,201
-0.0041627893719853315,-0.24585347519529155,0.21193154970994876,102
-0.482800595580291,0.4309649044383208,0.4425167911909301,012
0.04307113488827252,0.34137044912795933,-0.18923596187476066,120
0.44457579526301316,0.4409222085393326,-0.011013568480276348,210
0.47428954307471416,-0.0839412094682973,0.02474539420914379,201
-0.16276116209099134,-0.43547370598404145,-0.32887541202752923,201
0.27815972608826767,-0.15758632997432287,-0.4073485709356055,210
-0.45967902970738406,0.39722407907990587,-0.42196235217483624,021
-0.2487504253269236,0.49503687813319996,0.44982102242074495,021
0.2952128437553839,0.0195441439580597,0.13301541129151728,201
-0.38541575429088926,-0.11258766996205338,-0.37030706241229494,021
-0.08125800455760612,-0.15281387276383718,-0.1672007774575689,210
0.2786501743482236,0.36739417605741753,-0.15510079952899491,120
0.010377815147262104,-0.4844261887958431,-0.2758963999721281,201
-0.06181972885710263,-0.31262959234743004,0.24521428989758642,102
-0.12862798929693442,0.44733435216017103,-0.31625569424558453,120
0.06703096465877723,0.22555786121834842,-0.18426331389797812,120
0.4750138604297547,0.3860313263852524,0.02139896553027898,210
-0.2420540683377529,-0.19772028850374357,0.423530158929745,012
-0.11459134593674536,0.08756804831318898,0.302576203941589,012
-0.055823875253589006,0.267753904294309,0.03261417497326313,021
-0.23259580583288963,0.09860722142366318,0.41470865510479826,012
-0.3881885315176744,-0.42837356711994257,-0.33350776444236174,102
0.26678340924822486,-0.11223619293351816,0.36882374932376727,102
0.34120935577269007,-0.0022954880550689616,0.3463116660127241,102
-0.3770365147970547,-0.03436372720326408,0.25566348570066677,012
-0.4696071877051592,-0.17124163707991313,-0.2865012422412463,021
-0.49459374740123196,0.2992895452781468,-0.46146250094403396,021
-0.3964234453241222,-0.3834565771511891,0.29234798641157667,012
-0.10682427320528987,0.18378588842592714,0.24401169216104346,012
0.07896408170269842,0.023340572697319595,0.21161736483703064,102
-0.004561739669497911,0.19969301176875698,-0.44588254170614083,120
-0.005036076071249451,-0.013908427053128114,-0.09092493093286358,210
0.2721472700735309,0.20615788990317452,0.3614140392213101,102
0.1587557722203331,0.23080902230168032,0.31630798388035597,012
0.3218467267334123,-0.39792393279856786,0.3141330697672525,201
0.37786111653585097,-0.023561520350923737,0.08436260353617275,201
0.030577103188281995,0.2154641379112463,0.39704647630053114,012
0.4669924578703897,-0.43964845932706764,0.34334262857871845,201
-0.3873804822945276,-0.16169842336973672,0.01427498166809904,012
0.40804261087414406,-0.20851239020176338,0.1973865175614241,201
0.09048727244682864,0.14713615638602362,-0.3394975823919302,120
-0.43552408798614306,-0.42519852193685015,0.4108960318790341,012
-0.30290551329865323,0.3116602105890226,-0.0498986539554126,021
0.4130610856158111,-0.2762690250733094,0.12551052151350706,201
-0.08272144811594484,0.12902677633268878,0.48836602513331007,012
0.23994104372134706,0.43170177352640227,0.14682380667497574,120
0.3444225437835856,0.15033096272412017,0.39036083658578347,102
-0.30878592090953516,0.3582904636085261,0.05750441107580939,021
-0.4730766412945939,-0.46258933424964044,0.08451265427387267,012
0.19490752640670306,0.2557012372988733,-0.2554317433851935,120
0.39557705507159613,-0.16042599101756716,0.06999771746483163,201
0.0659199846561408,-0.3197214476366259,-0.34496678601412534,210
-0.1349927297909539,0.20087772279095684,0.19638971782457715,021
-0.17754098933247486,-0.30879082817763204,-0.2830807805855541,201
-0.3192581805782725,0.14631205257460078,0.07668421805081316,021
-0.10616065900629146,0.10981745942517651,-0.15768216682442182,120
-0.14767547916962986,-0.1823336907761537,-0.0017057997507212708,102
0.20423856830802523,0.4956751819354849,-0.019723391530129253,120
0.4302217974238184,-0.4006192476128293,0.014346767986848086,201
-0.30286177115816526,0.09405677926990896,-0.13694749056900712,021
-0.21828010975757306,0.20568648500461273,0.48535359322875604,012
0.2305732810624186,0.41859679388205695,-0.42838164114455834,120
-0.49787165971918357,-0.11390977340028507,-0.40191488918410734,021
-0.39421160812418765,-0.204141419891106,-0.3705576646653752,021
-0.48273133030524906,0.3116145590735917,-0.0584263380699408,021
0.21654396161189493,-0.4789295048502088,-0.04614269994918685,201
-0.26264753687627507,-0.25896900498290365,-0.11548689271982215,012
0.36406008942855506,0.47900137876819193,0.027594035066832556,120
-0.06331362644485217,-0.4524268701886426,-0.31858811642782914,201
0.2543657511052365,0.3106155649877874,-0.11127358926842745,120
-0.17007215694123834,0.13375519600584118,0.40984567970945074,012
0.37904684224196683,-0.2458429153384778,-0.07038313086064418,201
0.32402864267920095,-0.09384530906117117,-0.4796907795556239,210
-0.006331035407699526,-0.12814402672927827,-0.3176829585615012,210
-0.3965074875105691,-0.17036725766100047,-0.2761269614162508,021
0.4842768666132311,-0.4165833876577757,0.22602559107541864,201
0.2040767539334445,0.27376496381234694,0.46252870831005577,012
-0.1853631139855526,0.13128679329617543,-0.4617602032435735,120
0.32819731937274366,-0.20757645724366902,0.477142595061144,102
-0.23215511337028838,-0.37618359476272833,0.23936554095395013,102
-0.1921119125326708,0.2496386562544045,-0.3491323639303402,120
0.19078281287633558,-0.44440487035711174,0.43117996500407973,102
-0.35133359034728795,0.3210129532282905,-0.0999657153497514,021
-0.3550055780316882,-0.24613057774888059,0.37973720914973463,012
-0.09745656077648501,-0.3924193873941868,0.17066665309811202,102
0.06247135193851583,-0.42836500614126194,-0.4801670396102674,210
0.3028518530115416,0.44313937731848096,0.22028198340844685,120
-0.422109797878766,0.20789691958659717,-0.15014424741892674,021
0.4877342437099529,-0.20657015395499834,0.16169745525823742,201
0.387597421239382,-0.042567173057052377,0.21997533081861587,201
0.4868162798888753,-0.38901537029306577,0.47261479004552165,201
0.46011585110362285,0.4903695694898247,-0.47488730506502264,120
0.3749075376183647,-0.4776350127695629,-0.3081030741344156,201
-0.1846254653570879,-0.18962466138612488,-0.14884130411573393,102
0.13995264554105213,-0.25585439459813664,0.4243029844479457,102
-0.18124906463595802,-0.30857471166159267,0.37384517439419895,102
-0.4502055236180278,-0.34978135124626764,0.1724155769487754,012
-0.248517739436509,0.30343930227739957,-0.4706075608918152,120
0.20762508511674183,-0.11818653384172095,0.4745630213097146,102
-0.28626704043243534,-0.03226113147246523,-0.47060479603463723,120
-0.31816795510528384,0.025626286002031873,0.1693518656949934,012
-0.03844046800374079,0.2707141643071226,-0.05749411241663083,120
-0.3274824671073674,-0.2710511235736005,-0.22547189621286645,012
-0.16694906730485326,0.3439699439307582,-0.30370853670410414,120
0.0015656016653349258,0.23625323469938098,0.189597108869763,021
0.21394242384621276,0.08717960319092821,0.3362322801061294,102
0.35500932182306033,-0.436336726646424,0.38552475405473874,102
0.042520757931939324,-0.42668729930833094,-0.35029232635815966,201
0.48253028317389535,-0.2922576471441739,-0.25513639929346765,201
0.020388935217171555,0.06741242836169437,0.313340304616081,012
0.1305538700456087,0.28243272864767976,-0.16539852611664307,120
-0.3349916318032963,-0.3047649482456388,-0.37209683177384223,120
0.4077599482847075,0.13189630897934124,0.06150464169950809,210
-0.3758146506763457,0.42213444657441335,-0.4180845510620883,120
0.2400384201994159,0.1739118383464826,0.3920407412335508,102
0.14669086861315572,-0.05113644388227012,0.283739791617031,102
-0.4849426460867008,0.3211585486211891,-0.13141900581235766,021
0.17534549059743265,-0.48374849164896694,0.39191933637282605,102
0.21700772448052552,-0.4722169797773381,0.21809424818951073,102
-0.2396677246927813,0.25065716181800146,-0.040623706991430364,021
0.19576084661745652,-0.2573085757150605,-0.16425707214740337,201
-0.25564935293013535,0.0026963675313644853,-0.3092765196222671,120
-0.2728772717256863,-0.12881717459875697,-0.16664151928183701,021
0.020926248433700056,-0.2570005461764332,-0.48947387086868566,210
0.3448905628420459,0.4490142469776919,-0.41525956382140916,120
0.39480774468308344,0.33715353400415615,0.43689297403458405,102
0.30200540060056,0.1412425791448464,-0.24064705267857656,210
0.4354228555431269,-0.27819278132437975,-0.22222543530289995,201
-0.3451229013371657,-0.4049499850038558,0.043727260629765174,102
-0.4817690851926578,-0.4548408918555811,-0.11230776764018002,012
0.2898487963295471,-0.2310748206561266,-0.056835453419062154,201
0.4830304415347052,0.3706708417417611,-0.3413364386286476,210
0.35810133490939544,-0.4934729598790666,0.1721927840605968,201
0.18743340529625852,-0.16725719366031866,-0.4263234904194195,210
-0.3448640466039009,0.47011934162454916,-0.13353168225519152,021
0.24168796792517067,0.3737518834801433,-0.4123874445638729,120
-0.15194775177510855,-0.1264246133908058,-0.1958761743933859,120
-0.24321644728838698,0.41947432323989264,0.3695875857363111,021
-0.3946877070907888,0.2997339038399798,-0.28729021384260767,021
-0.1446023516516618,-0.21559460262487284,0.2745694553778346,102
-0.4953560313570411,0.304309715043399,0.17205764279874824,021
-0.1733484781970741,0.03173710425489806,0.32863626652679967,012
0.057286468025150805,-0.021750859266333133,-0.09568921772860994,210
0.1461398942105655,-0.14095884598620112,0.009749678987236443,201
0.1019523568866787,0.35216455159254856,0.14792900767191464,021
0.03138282407946047,-0.23136358637274645,-0.046138360511290055,201
0.18867705572207416,0.3998761309448179,-0.23096282590376682,120
-0.29398591316554645,-0.121101559732535,-0.4479864328584855,120
-0.42906987312295153,-0.2127925734377064,0.10799324868630622,012
0.028727773799676837,0.003828075157366273,-0.20220221100434266,210
0.1916042303440515,-0.12062295316668925,-0.4447741250541659,210
-0.21307357048435793,-0.3714413667816129,0.19651970189126633,102
-0.26781631403441686,-0.03949030052350877,-0.3505261689488667,120
0.2106859037387856,0.4361479557003648,-0.2837850548847307,120
-0.4548675622027054,-0.09793357398040736,-0.34010329692934405,021
-0.11545188408592666,-0.2693627675398461,-0.35961098871160824,210
-0.28499482420462074,-0.3993819017335294,-0.13395407432969164,102
0.4029562717621502,-0.2740944140668783,-0.2060759688415047,201
0.1445008178451308,-0.4231535103740859,-0.13696682832591345,201
-0.06864461771854569,0.014223458714796022,-0.38221281244391425,120
-0.1083062503278529,0.32026370963805884,-0.13071478597119668,120
0.11289653670686928,-0.2288599170232829,-0.45441445466924524,210
-0.31998375496651676,0.34754703499427975,-0.012532134320862975,021
0.012900341002170412,-0.039674177941179334,-0.34698552518285886,210
-0.11037450713353592,-0.4876354359875622,-0.14831194641625567,201
0.46742830643981914,0.10226298047200877,-0.25241369713275374,210
0.04489666326000763,0.03266135481387389,0.32787464445773096,102
0.25730932897992687,0.18833518925310677,-0.43236058175002345,210
-0.0712086281043699,0.013357721032835168,0.4237977268231943,012
0.08910167393190593,-0.13303384120618034,-0.46254239204038605,210
-0.46491004072154585,0.10872616128096502,-0.21284198950703015,021
0.1808706173254948,-0.29843515454179137,-0.32737362215534527,210
-0.043194112234144155,0.49139389844649417,-0.32471033951762407,120
-0.32997040440703773,-0.08148762670781218,-0.21076151250369013,021
-0.33428126947340386,0.16127757526593844,0.14240086144921005,021
0.17556934741064856,-0.4525162957246661,0.43226577206595296,102
0.46042464374396275,0.18238337880859057,-0.44072861883517167,210
0.2920916082199285,-0.38240554572310514,-0.22719928868187778,201
0.3192535729045176,0.03476140714552145,0.3643478703822782,102
0.20403145825937619,-0.29588790008053856,0.04560026386803029,201
-0.1998540816140547,0.2841848667481641,-0.21927169278610936,120
0.14129022940586544,0.007459758309487197,-0.3466055448254529,210
0.29758593654864196,-0.42263046435315166,0.26396850574905906,201
0.3269167991339773,-0.48876741866692897,0.44668219602380477,102
-0.14361104368484967,0.39770279140346765,0.258563085957229,021
-0.14143160822893042,0.2881560897273149,0.18850300843341072,021
0.26424691892701213,0.49648896374800977,0.3565399422783292,021
-0.2221759033497127,0.05506181710768432,-0.24730018354771977,120
0.13022310127946435,0.24939018895845944,0.46494103238092355,012
-0.23867008743704576,0.3697028573901664,0.4788390385134763,012
0.4280668256977459,0.4154378235589452,0.2371799007294061,210
-0.21985213209133214,-0.4397413997592663,0.07540251759254779,102
0.03763599446059851,-0.3506104261367957,0.0422431860591892,102
0.4587202961492701,-0.027538525137626557,-0.21326907927508354,210
0.02702084853529063,0.19103830050330772,0.06164744875583894,021
0.2911980156170765,0.017806935227954734,-0.12630503721760888,210
-0.015150376004326449,-0.3858183305580144,-0.1746785607382989,201
-0.2189141370229395,0.17405188283588013,0.29709139779202487,012
0.3765205937147761,-0.20691863518352327,-0.39785307380039914,210
0.39241407033575537,-0.034172163417383716,-0.11107382513872743,210
0.11936867958092101,-0.3372820723524478,0.063004767628426,201
-0.2283508716670466,0.4821411119731932,0.10906114543373735,021
-0.4916963494709088,0.49272055828027295,0.16770531659955734,021
-0.2641594441162869,0.09228731998051798,0.36963076129130645,012
0.36473581849773173,-0.3522971118535593,-0.10930580202196838,201
-0.3291116403949149,0.4400054805613455,-0.03807245456250863,021
0.18168491909128326,0.30767990763483766,0.024050064255568104,120
-0.4540015635301087,0.22967557915445647,0.11252694678536435,021
0.19604896901776314,-0.17970936720744657,-0.1591083404732968,201
-0.15854691657674103,0.14878262501386985,0.032661032216511954,021
0.4278739160185955,0.017390689362984713,-0.4598240139517795,210
-0.07524956942375405,0.15576333036724266,0.054069966817009485,021
0.2388189385664291,-0.38378706458276346,-0.4477482032595834,210
-0.08929044497856198,-0.39756127045781586,0.13539260903160877,102
-0.08786913965005316,-0.24805140822961624,0.04441506264433781,102
0.1465616400286064,-0.21422132552765827,0.4155523984762828,102
0.4254847844077706,0.32770779780276194,0.4903608588669689,102
-0.02965483469617003,-0.33048223672694954,-0.47436880237486045,210
0.3905554831459652,0.2550932420076436,-0.08606897766683053,210
0.4573149928805025,0.1144504548693499,-0.16481402626675856,210
-0.3279118205413356,-0.15287562847692726,0.4315888733862383,012
0.0170562004251944,0.2948749903169272,0.225012955850997,021
0.36462013998658105,0.24551481339560388,-0.4671870543063218,210
-0.19295294727449508,-0.064474530599962,-0.4175260840050633,120
0.24457124510650718,-0.31112566181100554,0.15308090819558917,201
-0.07942899492497824,0.031074708380041338,-0.441252371294206,120
0.25231679482473257,0.16079816317787954,0.12592745077831113,210
-0.18448846196227464,0.0698362821811277,-0.25901010795892443,120
-0.23906076333568782,-0.2781378287921388,0.19192757491265489,102
0.3271021920433008,0.3626784027049663,0.2556728316965814,120
-0.06493642240918451,-0.4666918592517795,-0.06426266306274464,102
-0.4775063530991469,-0.15986696539892986,-0.2682963406283926,021
-0.18920573996758994,-0.019230321829505126,0.017629396287084376,012
0.33793595541849875,0.17298529353575343,-0.3344079833366985,210
-0.4625717819292212,-0.30036805623439833,0.12875771487378784,012
0.005924437963152229,0.43944376663919826,-0.2364866754877898,120
0.4153512407647272,-0.37050608938796026,0.16761303737161837,201
0.09405066441443866,-0.06991486522855273,-0.3542251382306808,210
0.07368528881053082,0.39828728629639,-0.06527394133482867,120
-0.37004233965549627,-0.27860760890360303,0.43186697886247594,012
0.48647331443714326,0.32613278864434836,0.33034072852216123,201
-0.4081683045795862,-0.45874189938640375,0.4206647370207365,102
0.036603687580718414,-0.057431758785589815,-0.007830437734065998,201
-0.31268088749872736,-0.01656470198862603,0.07069889703270082,012
-0.008129584323619765,-0.12229384038500224,-0.13323577125610453,210
0.24851638006359178,0.08610151958652101,-0.1609792898279495,210
0.23527267601782909,-0.35647917048153366,0.08171625084553769,201
-0.4761060819252684,0.1749377238054678,0.10890282185494149,021
0.4550858569403997,-0.17253199959746146,-0.3561093536100012,210
-0.07841602732306141,0.235704944466418,-0.22245895325113318,120
-0.26058199307582086,-0.4940801838672728,0.18838904713257454,102
-0.35057167913512566,-0.4090874207539581,0.038822778165649274,102
0.2827651412580755,0.3178892746058892,-0.35934643472275973,120
-0.3115245288138724,0.22100321921235921,0.34128307441910977,012
-0.40339068075388496,0.2658515242278042,-0.35721132855148596,021
-0.20090475207079916,0.29162715567085473,0.010347635858892867,021
0.3589660229666094,0.09961472756504497,-0.46525972916642777,210
0.40254008548647213,-0.15210238913117424,-0.3684958347176053,210
-0.4040148783622102,-0.046991588655894034,0.4258625256285462,012
0.12019341890759117,0.08601796994687094,-0.06002745746771587,210
-0.2043555013638355,0.44538935045464834,0.36009567088943806,021
0.4711588299413585,0.13455127899821118,-0.33482571490731505,210
0.20732549138177303,0.20800498359377462,0.10101271308525439,120
0.3779867377453763,-0.011685036225530299,0.12317220561881503,201
0.4590527819140213,-0.05182195169646686,-0.3111689985471492,210
-0.28361864309673224,-0.4676930525413362,0.04413401301291142,102
-0.3442104584181558,-0.4620645475435271,-0.06610955888741588,102
0.25914741827633136,0.33079275909582384,0.02717167314519442,120
0.3006962435688503,0.17482221178924018,-0.10712441336733858,210
-0.22134463190004772,-0.16227652875906196,0.192387744875273,012
0.4933565450348105,0.14598666592939746,0.10368514528741934,210
0.36523002040399677,-0.2859928629069406,0.4373071751730705,102
-0.3263749705557528,0.44823168165772265,0.17280203073024358,021
0.14151497490782539,0.07473498650641519,-0.14496222733645314,210
0.0768563039007627,-0.05069975026489315,0.41166613578793365,102
0.14743257602012882,0.0745974489850958,0.20023115189490592,102
-0.34447805047010316,-0.33776655922639076,-0.09705646170449767,012
0.30525477353241737,-0.13388203988174507,-0.021645702806950995,201
0.4207158025309543,0.46837254344988,-0.033487969018315855,120
-0.00263148940799085,-0.3568702341292982,0.2603855237910975,102
-0.09391029932551487,-0.028068652189227716,-0.34009042395182687,120
-0.18000439170375326,0.20354117873536237,0.18030740933380218,021
0.19168284126987478,0.43604074598353926,0.06497716659627184,120
0.22564208949680187,-0.024645554188582164,0.16875538151176572,201
0.1502325578760435,-0.006199168766247376,0.3947605682850125,102
-0.1850409387192562,-0.4711796720329584,-0.338154982416222,201
0.46575455296995527,0.22593459214208178,0.09506372531186336,210
0.4896102107913266,-0.1646581751898012,-0.21089359957641352,210
0.3292084868200199,0.010417430208671696,-0.14066235066034416,210
-0.28310430050903534,0.4643006570706981,0.35043506496824917,021
0.20388002003251282,0.2902063911169235,0.4078027444400033,012
0.21326530703526658,0.2545417658878373,-0.17218522417212823,120
0.47152668709442214,0.46736510239607054,0.3422276292908656,210
-0.13176882359187014,-0.3630876050525762,-0.2989628736486314,201
-0.3009792498479228,0.31680408594821863,-0.37540406926509096,120
0.4325791374347282,0.3012669413385167,-0.4188811833040975,210
0.2362759677216164,0.15268020588032916,0.10770636938293643,210
0.32855035899933593,0.1457780593536281,-0.16328995774567845,210
-0.3297504612302007,0.2007985572744786,0.31815091404237694,012
0.2680293400469289,-0.1316500379704324,-0.19983318491761726,210
0.11390323958211956,0.1901753426677537,-0.3928752104814628,120
-0.4278709984669171,-0.38032333020286724,0.32325702707975623,012
-0.17719450034156392,0.18043979155200662,-0.45230196423237357,120
-0.2132996544746938,-0.06954171771882833,0.060494321891503944,012
0.4988924045292482,0.36767923482377096,-0.43986350939080254,210
-0.46912272570984925,-0.114342468696364,-0.16827200780236962,021
-0.022960543078465068,0.45366102630181393,0.4013645282631011,021
-0.059946727479166406,0.3122757319995727,0.28240479540615304,021
0.1930513777440902,0.3303476994351463,-0.11837491835775782,120
-0.45455484582180106,-0.08711280242874642,-0.4145708027791417,021
0.455805375785417,0.060193987723668796,-0.4683293542708027,210
-0.40069807598022955,-0.31302165214969424,-0.1974946447590259,012
-0.32073851394552777,0.08354387250570916,-0.38073424271842116,120
0.4250586556542062,0.4278853512360924,0.016925516736264856,120
-0.3420547448182333,0.1533306606460979,0.1029611884623366,021
0.047567367917149994,0.049587439718212,0.15765832195174856,012
0.22693345884837213,-0.18044504591224875,0.2648724556021793,102
-0.13213699893916242,-0.22946041213383106,-0.23683450409929574,210
-0.20178543984367192,0.21969054347071792,-0.19234690390430398,021
0.20559904265279005,-0.3631328144514846,-0.09342573383696973,201
-0.21108397166392756,0.4623582410551762,-0.2992049150411802,120
-0.16176592664716938,0.2007899597355135,0.09013093466110156,021
-0.19340024575697645,0.4894967353222114,0.12186285680958076,021
-0.48623683339351476,0.39432217288049776,-0.16253888568687525,021
-0.3363533364013521,0.08676851920876583,0.2778706374283493,012
0.09403572803261573,0.3983024886449573,-0.4886434794861587,120
0.05356846682723204,-0.12960143255656942,-0.23757361081126593,210
0.03642179840568516,0.07254372212982219,0.19442083273281374,012
-0.3506536684282753,-0.02932660495549544,0.49353359792144835,012
0.15196333249480398,0.20614639753008301,0.0062978298610074646,120
-0.1072755878619236,-0.060876109420326396,0.3229703034217565,012
-0.22948910033151626,-0.029347050343053627,0.12887703293130726,012
0.1790948487360684,-0.32218918556535825,0.37374575781518804,102
0.04314103347278242,-0.4820779224939724,-0.07628640910520768,201
-0.2686825471156723,-0.2146719276589245,-0.40673609837465563,120
0.11295753888579396,0.023481770748751574,-0.47301804128151614,210
0.08858277054339314,-0.13518927671422587,0.4566830330357635,102
-0.28576703047330454,0.3379418275166254,-0.49708441184145213,120
0.42296643158827185,0.12791729908735805,0.4485215863769004,102
0.21944949380651468,0.18488572925996105,0.2521408732052307,102
-0.43466671288248193,0.47829778574790893,0.15278252993516306,021
-0.4766892178644867,-0.32855241876121555,0.2664613090376906,012
-0.20506866514311362,-0.3499140498809381,0.21747032269484368,102
-0.06356462799821339,0.2956292463222421,0.06448902511355248,021
0.058765629291256616,0.05135888847398784,-0.233451002662586,210
0.050225818497492414,-0.26963835941313496,-0.16848252755687487,201
0.43076547891106565,0.10634630855798988,0.15853082682504638,201
0.1456320197025649,0.49590100163359263,-0.40284877833443133,120
0.4540833545488545,0.10946987121930585,-0.23162125974965175,210
0.47014869242869517,-0.048904488107972544,0.053032061847625656,201
-0.4663020207170615,0.39863736294972385,-0.15489084220841343,021
0.15374863677091788,-0.39714327869962196,0.17493913479013012,102
-0.002807760316462904,0.027715217081977328,0.09641053530121269,012
-0.3335049877966926,0.47073126336366256,0.051930491255772426,021
0.2655885630441087,0.06085394174340586,-0.22026272807806313,210
-0.45826409457675876,0.1534047258235015,0.3353195928247018,012
-0.07004705692526791,0.42692557378751794,0.08647478930315888,021
0.37061964113678225,0.3422811251930987,0.06513776215428568,210
0.21106276949151315,0.06032961126958325,0.03533405178613469,210
0.16473970330113274,-0.32318234137220636,0.4684172199364458,102
0.21200859251722337,-0.23259263218907422,0.41380622541914913,102
-0.31587078237352606,0.1864773679145264,-0.045425829335154044,021
-0.23108162318269487,0.008571272417853382,0.12455996106423417,012
0.35836540160450203,0.4100480120021709,-0.1813030715164191,120
0.10396931635321771,-0.1954679073298109,-0.34308736594772005,210
-0.10683204860553519,0.34761796802988143,0.026926477331842058,021
0.29835028021383037,-0.2688085472171716,-0.09985918645584624,201
0.40091906587530823,0.22257399094324304,0.08436433722742998,210
-0.26269603671914477,0.06208001917846884,-0.35995784019873567,120
-0.08857427041243249,-0.01929218286349499,-0.09797418969235794,120
0.05721590104413776,-0.48085115653730237,0.1726926898366905,102
0.4514640019514361,0.1394146562385279,0.04355644452023555,210
0.3845722570239686,0.12508600180650387,0.4892448159880678,102
-0.1318224464718658,-0.2914038263627823,-0.2284211802226438,201
0.07325443171412027,-0.48702814336551703,-0.040574692285146874,201
-0.35583420950661304,-0.4744297666530993,-0.006924861344308808,102
-0.39698972456313786,0.14372558893313647,-0.40972010222489996,120
0.16805407241476022,0.17851671142114434,0.21968071552747304,012
-0.37140001816926904,-0.09133987188546144,0.3413603548683717,012
-0.37737681220141617,0.2858698878840622,0.014128721945588008,021
-0.3581821890622444,-0.27106246949098145,0.11976976016224039,012
-0.2530018153822693,0.45127369732888867,0.038156318864930205,021
-0.2678320003796769,0.04518596739763725,0.1356770975620698,012
-0.20236460191263506,-0.1909752886406132,0.14482238873329378,012
-0.18008163812582922,-0.4471821288513853,-0.13325620778129643,102
-0.3659697821571296,0.19479144965112882,0.360830182817408,012
-0.048433101079906615,-0.2559707505833879,-0.3775858299693854,210
0.2739161109648991,-0.38496916273844684,-0.2746772486039878,201
-0.07484712688358053,-0.3230585948835327,0.3388486914372655,102
-0.2742327693255149,0.4604612623714439,0.48892699127104644,012
0.027373959874159026,-0.48776133243057207,0.08390094954430893,102
0.15712755577387638,0.2422895968701384,0.19191108952998848,021
-0.0740595792082156,0.06499061768787329,0.40824352422954713,012
-0.19547409486994716,-0.04149689434456205,-0.4110151073293552,120
0.021451684076190247,-0.47759945682536364,-0.07483280245263002,201
0.4124979786110152,0.04370669530402105,0.018968280176827168,210
-0.32981520247214224,-0.32202481846300024,0.2649283798683303,012
-0.06889005339447929,0.32866038554982424,-0.3972949931747112,120
-0.019136745400595734,-0.1522102472973419,0.3631230326577731,102
0.07937623312083708,0.030338309568032518,-0.48217273329103183,210
-0.43998289857700623,-0.2765888540039836,0.23948407143354622,012
0.10933909200159286,0.1716489333427481,0.4425363939632847,012
0.17351838912747852,-0.4474916302361407,0.16345772569229433,201
0.45733278972679337,0.49889537176609877,0.26337383603858366,120
-0.4992971132128238,0.060825200231475085,-0.06746441735393727,021
0.04171697695721477,0.2961188662379366,0.21020554075789666,021
-0.4978694215816325,-0.4296746188059929,-0.13169208589194592,012
0.28966217147330797,0.4640148743512631,-0.03362746033564923,120
0.49347058759692963,-0.32452475357300614,0.45499702497527394,201
0.4096420551409137,0.23373045662605219,-0.4470050939674852,210
-0.17167826650130003,-0.47134677475254294,-0.09286676099298419,102
0.18579367018221382,0.17505512033019033,-0.26234854857657197,210
0.387804566926944,-0.107430020601186,0.16969796114772195,201
-0.19950613821799357,-0.09506261926027038,0.20336416806491986,012
0.092719503549064,0.004671092893212436,0.23509025641795767,102
-0.22417326632387757,0.07778817646824976,0.07911302069822446,012
0.20480416393042344,0.008104792222569657,0.3561101405217558,102
-0.300192269375697,-0.27465834708851733,-0.39554209319532607,120
-0.27644420757086996,0.33056820984380153,-0.05771010959923384,021
0.05320845777595418,-0.1659926075579956,-0.1392333684722129,201
0.48214463988247847,-0.008144248143711175,-0.4815501708914227,210
-0.48043870880384176,-0.4420966014881351,0.10928214291031524,012
0.038958533799123285,0.1736336966639117,-0.3212305730214601,120
-0.4401381629046529,-0.031761074894817165,-0.033990992429149935,021
-0.2311630670767888,-0.2479527104182765,0.23362141585899987,102
-0.07043056718510976,-0.06892738361965778,0.3689432371261213,012
-0.28981603403857836,0.10022582586191753,-0.3490363119657819,120
-0.18092898018604286,0.05861480985301104,0.09605751439960408,012
-0.09382698259848521,0.48765513905529756,0.02596551669288738,021
-0.1572482970125768,-0.4729736111595524,-0.0887320765308568,102
0.2999732352402945,0.4351496749776951,0.31728712872974396,021
-0.3222347545686185,0.07023420311504869,-0.010171358720055812,021
-0.1726256233780048,-0.17006896966712892,-0.37446691573322877,120
-0.18233212813415234,-0.465039576944671,0.16488454649908402,102
0.028730055971093016,0.3210269255743713,-0.054381979649871015,120
0.272876112051306,-0.48208793382669,0.49794430632934816,102
0.27067994574720977,-0.12997732102216442,0.18036331338160705,201
-0.31512005968140533,0.015963864188986987,-0.2982252419701953,021
-0.4741640431303519,0.026908609968870345,-0.37798410935660365,021
-0.24008367674755837,0.054615546171295604,0.2376163137990268,012
0.3769079156856351,0.0528770826965711,-0.4945517949714,210
0.48543930324560236,0.48983285442868196,-0.4032824510746983,120
0.03031359350466467,-0.44615208341234636,-0.18630455617044972,201
0.40063642734777827,0.16812203975682927,-0.4408395631385552,210
0.22011194760503994,-0.32329698558410636,-0.09401701782408545,201
0.18042769403734005,-0.007755086234727537,-0.09967669970746662,210
-0.19225840150073803,0.064348030893005,0.1049060410739624,012
0.12442015723518207,0.3124832504715699,-0.32960116283897933,120
0.035548635436165266,0.0719870434059865,0.07741178925332726,012
0.48271732935059786,0.242252193652578,0.17819520167202796,210
-0.2343049843319337,0.24351745595929142,0.49092350060323686,012
0.29756801110399433,-0.3466615366048261,0.3386428485024101,102
0.34019310303405725,0.2546566956354328,-0.3360136312314065,210
0.4719838097287612,-0.1815527566025822,-0.37881791672577025,210
-0.21037942677509336,-0.08177857837330826,0.36871321851972605,012
0.014773513838353569,-0.18794220565650688,-0.33179774883377056,210
-0.3636919506744496,-0.3897345191463596,-0.29396099386923,102
-0.046016644301774656,-0.2941619467107306,0.16433198781989722,102
-0.18651089070220772,0.4218596137542361,0.18414696801444574,021
-0.2366731166071523,0.3874518714121814,-0.41002295181218607,120
0.49329865460075806,-0.49878262308729493,-0.22665843306883793,201
0.19337816473922187,-0.109787794464277,-0.4671180516229866,210
-0.08553898217091294,-0.4893150436433851,0.12736080064872146,102
0.07885101146831297,-0.2833891319740758,-0.03047036892026067,201
-0.490911601266798,0.04711771366770756,0.08032147818131263,012
0.03002401374499064,-0.34890541754855375,-0.0941616692908901,201
0.44513699831758846,-0.40397427445010736,0.0369974221269922,201
-0.09585531776366374,-0.24127751153498878,0.48264696528262874,102
-0.43528675252711935,0.1331133283089707,-0.2551572676744195,021
0.34374116694265777,0.24727245196870018,-0.054107719120301434,210
0.3455176081690743,0.13235658297943154,-0.033779264108379836,210
-0.031220251350331463,0.3614940627787704,0.3138404462153943,021
-0.23725511253542253,-0.12198793283895448,-0.43925027416291773,120
0.15653685628640646,-0.2324308538779769,-0.31158566648122044,210
0.22623583319000684,0.24664963968561926,0.40119645057407716,012
-0.1284396272560654,0.09737048745929444,-0.16726204504142816,120
0.3737388343788921,-0.19210922118883844,-0.38827535968777394,210
-0.18450788072425883,0.1365369117841031,-0.2619604087955062,120
0.11394558879474559,0.15946604290098354,0.22663718988113735,012
0.45402934621171553,-0.05131899085325009,-0.21857937153123774,210
0.3191294560496414,0.4582814967876716,-0.37649149853592845,120
0.011045404697854977,0.4121881565916474,0.25244424059008996,021
-0.44804224672144066,0.49705321534403746,-0.37482172280481674,021
-0.41875929628310193,0.3110672457407043,0.12732380346239602,021
0.1393218720965188,-0.34405742959796826,-0.4474082209777257,210
0.005897325521087349,-0.249753984805261,-0.20046304803941317,201
0.4580786863201891,0.19481695867968785,-0.49855098893108696,210
0.4253908238588747,-0.4788121128939411,0.1647943300250716,201
-0.10428731395984026,-0.15171040554521364,0.06216615099095624,102
-0.34789043119055096,-0.05426566744645167,0.00883102042594508,012
0.19354797044836847,-0.057696487063577884,-0.35784978020553126,210
0.20944610008487707,-0.16576220898431582,-0.49583380244175446,210
-0.3413505832755881,-0.3884065332507297,0.3258847198157566,102
-0.43886471480958944,0.11879140745275996,-0.405749456403141,021
0.12376637650258826,-0.20897824311738433,-0.08829904501982777,201
-0.10187570576783467,-0.14315712495025534,-0.2895929169428173,210
0.3977523564263984,0.3537009255521232,0.11289235484393834,210
-0.061686469577818426,0.4140273132682053,0.4031178510385819,021
0.4968679822898746,-0.23812626809242987,-0.23652746282083115,201
0.4244435153004864,0.05458217356941175,0.048652508767786484,210
-0.4815235114655948,-0.2128619776290801,-0.33847801496989427,021
-0.2181789091518087,0.01702641557046547,-0.4431446485357825,120
-0.39934144449650333,0.4039928559110687,-0.32705620260501467,021
0.2834031722430532,0.3364515856902962,0.0694037325044008,120
0.1493174113877418,-0.005863907228657483,-0.49860887277618204,210
0.3668668027879032,-0.13816885658715894,-0.05461566446285904,201
0.2555478896388882,-0.238425855353665,-0.20995068013984441,201
0.2566153194002533,-0.003890160257423503,0.37282717294567114,102
0.35786720791507276,-0.33516946318741137,0.06119174760327539,201
0.46777368062724134,-0.46741000173394553,0.05002274864575251,201
-0.28139619777287994,0.08982246777636949,0.14888229301180145,012
0.28747123200942326,-0.3529688508051042,-0.21285704913919024,201
-0.17953483004703708,0.0410200802355406,0.07717291801850612,012
0.145693828573629,0.08373553565029623,-0.46645025620174274,210
-0.23300771146044152,-0.4083403943175472,0.35999067803793283,102
-0.03650302913640202,-0.049589036694289934,0.13588258459990277,102
0.014040325578143276,0.3173481045172464,0.4672633756217248,012
-0.38838255847943215,-0.34969311125140723,-0.498288522166191,120
-0.44960725331606877,-0.2919898233474627,0.1203559879714825,012
0.21729994837047784,0.19512367725532798,0.46774753079979126,102
0.16189690618793695,-0.010276222870020169,-0.34541898428516327,210
0.3828523341187041,0.4626652892028059,-0.4154978574377358,120
0.11853700199245554,0.31152213200655643,-0.406520689832396,120
0.32815292872654633,-0.46372805484166113,0.17052385596676778,201
-0.1229207336444007,-0.28061524191639653,0.24734586552970816,102
-0.2806995887906376,-0.1659178677350741,0.3456437685120691,012
0.1047098476638717,-0.08052656505035471,0.138370464943535,102
0.09125762003816407,-0.04280631429954229,-0.038741375567554526,201
0.040404087631196406,-0.08771878394344956,-0.4261219627377094,210
-0.26836431487250634,0.18666598722827865,-0.19039374057519065,021
-0.23549375125428595,-0.19801682231758733,-0.42860870647343574,120
0.264769851319936,-0.14771305317538563,0.41820550081488184,102
-0.4897296736962905,-0.3289586174394069,-0.40457308583563056,021
0.43644938974344616,0.2139496230662843,-0.11711960108842068,210
0.42283544456419875,-0.08977696545691105,-0.37351428007203546,210
-0.22773137933110665,0.4657661065993475,0.14510180694739871,021
-0.2522570308609914,-0.46019439975637044,0.24863768388731144,102
0.4150621295887792,0.1866339661376989,0.4002359455343183,201
0.45073870133815086,-0.39157382794599904,0.22977220814413513,201
0.0520214033753752,-0.03468231409915423,-0.16786153694460648,210
0.47020298137038696,-0.18595201983003617,-0.339877337620884,210
-0.2380434598198501,-0.1512944178995862,0.2973226901750782,012
-0.2798354046717819,0.10788220125815662,-0.21287598811727704,021
0.2752404837494854,-0.37160198552284596,-0.15264110007634757,201
-0.29711836619556,0.42799365782679066,0.4939089627773917,012
-0.3396097294134718,-0.29434283438513276,0.22775090102544826,012
-0.10597765288155858,0.37557399722818385,-0.3529040461794576,120
-0.33662774815154306,-0.19815237767114213,0.283118013958385,012
-0.265418003440798,0.0826079864541438,0.07475940070669107,021
0.10724983813727651,0.31860692562524884,-0.43526784923298645,120
-0.01000880444691099,0.41593249347370354,0.350741094511845,021
-0.3289693692359775,-0.13196167598778596,0.02677167346565401,012
0.11402355790881247,-0.3090587337457873,-0.15190538440345103,201
0.1427214837721975,0.014756188178440488,-0.4242506723278646,210
-0.22447048340707543,0.394644354896161,0.23527282155226426,021
-0.43097163539353656,-0.06669497666658175,0.24120900280048618,012
-0.37256553336161935,-0.40867483257545745,0.38791994192127577,102
0.04581554777663055,0.291291418211285,-0.14590694397946202,120
-0.061767192257177084,0.4163867211230723,0.08543508017060275,021
0.4404134105562476,0.3080589520862047,0.0018873607891060074,210
-0.029845021226975077,-0.3750626178831773,0.34976885474222275,102
-0.1417620868554813,-0.10128968194705956,0.4329230181000213,012
-0.2577033366189071,0.031074346069339454,-0.341761009390934,120
-0.3271115274736799,-0.08149724395060465,-0.29514456992913574,021
-0.2809755366982146,-0.42400365399117634,-0.23549626121307732,102
0.4002450118465718,0.11420922026821323,-0.35940264230294294,210
-0.4737131441998782,0.09551900216213338,0.43143871174711,012
0.2140022935628374,0.08321264361654435,0.3271300101432284,102
0.4492825771139306,0.1652715220872134,0.3760940537930402,201
-0.10573814992519615,-0.14126225450118357,0.21708032876568006,102
0.04399488579020305,-0.49766637793528634,-0.22991845457564397,201
0.31785334881978944,0.11693337438293894,0.455457738757598,102
0.2718409583858261,-0.2794624112712438,0.1223345375204854,201
0.11601494116270417,0.4737669318101254,0.4533348933501412,021
0.09079533210018065,-0.16097084917206284,0.33398806983019114,102
-0.3191402014983096,-0.336945456443586,0.4955548133084905,102
-0.4268435381747422,-0.37546932903298635,-0.47634312003233714,120
-0.18684229008116904,0.058527260488916655,0.4825800533881247,012
0.12517090830115485,0.03268904066800438,-0.14621508115253667,210
0.406341964927481,-0.44651917152179943,-0.3538349034157845,201
0.4145992768579225,-0.4343421808902648,0.30634473754647795,201
0.19931989412895235,-0.419270853041497,-0.2953251498637337,201
0.49182458064131396,0.40387995370814134,-0.03207529977708157,210
-0.4514400520108275,0.39624159778630796,0.07348049367145781,021
0.12077315140819989,0.4423481533292988,-0.4356874669210299,120
-0.08326549078229017,-0.11460825880704484,-0.4320702873175708,210
-0.2455198827887327,-0.3881633733576235,-0.3873237386677325,201
0.3079305772108245,0.20637031291508923,0.2777283519940188,201
0.43252762025221636,-0.46401400010170624,-0.07154355661854817,201
-0.12170158000910003,0.0851812407001884,-0.23625816389594745,120
0.2743748089307394,-0.15055356817662113,0.05453479866530897,201
0.10431021452317013,-0.34935311430452265,0.49524254016084457,102
-0.23068149926015802,-0.12531937279657923,0.3482922461796836,012
-0.24745713850321593,0.29515581941064195,0.30838193432446714,012
-0.4069238712713694,-0.2171989456278508,0.10396176629593212,012
0.03333831197372428,-0.15449429529848213,0.20602026510687277,102
0.45981193274632215,-0.21074731070206165,0.36009454765204085,201
0.09345436059238421,0.1522346609461337,0.3810661838551268,012
-0.33017208193892045,-0.13742095027491485,-0.1258266670913426,012
-0.02789829492409146,-0.10237861151410332,-0.16472471593576177,210
-0.06329937917481987,0.13753333171232762,0.2827822742178656,012
-0.28239220354265515,-0.22996811328991418,-0.42448306875855224,120
-0.3730766578300361,0.22972244380689055,0.1505840476035275,021
0.07972097929109956,0.4181966486282729,0.046100370720121187,120
0.17330253870396117,-0.4904980398441382,0.39066049913753087,102
0.454075165286839,0.2369197324502138,-0.04519098426617385,210
-0.07174383906104187,-0.34644151541015755,0.09596554032654603,102
-0.0027892673706987337,-0.31383950171710173,0.4148695255898419,102
-0.16393473068352238,0.4739675055843653,-0.08800259512698905,021
-0.23062039965461867,-0.2689863615153417,0.25130908894365334,102
0.20986565863110673,-0.3014481082580096,0.4085157071811082,102
0.34993169823549153,-0.4620891027454498,0.3735757113031948,102
-0.3694732863416449,-0.034638915751343036,0.08782038810143666,012
0.46277512979412483,-0.22049836154721603,0.4709568910015701,102
-0.2752993303002057,0.032578472563874916,-0.4797945794655468,120
-0.2631884927668965,0.414191169898114,0.34924673992321,021
-0.027155722744129474,-0.08092302828714582,0.2974570255684662,102
-0.313656811443485,0.49733853332188993,0.01958073617140965,021
0.09247270470272217,-0.2322414409588076,-0.4396117001033295,210
0.1485833351811786,-0.4567766613501668,0.47060332879260225,102
0.3687043471772913,0.22415981202231472,-0.32748714820740754,210
-0.05044801497472462,0.022968364431317,-0.3934409232868512,120
-0.35293686334074703,-0.08441660713256793,-0.07973949168329886,012
0.3875645595176027,0.49255840380091576,-0.18733975360795396,120
0.2638207520020709,0.14456107714387534,-0.12583649964417853,210
-0.3625683597101538,0.31279426498910334,-0.47525931754879736,120
-0.3524403087455037,-0.15576735663932983,0.049396575537746124,012
0.12052658215189394,-0.036679454742123196,-0.49951653131009344,210
-0.11252186197745939,0.09085622742521637,0.11959860075818174,012
-0.43440870955637956,0.4492243002308516,0.15091904346175522,021
-0.4594723272453619,-0.3777494197526152,0.4067148118087467,012
-0.34889361300233224,0.17778500214482484,0.040580375190304,021
0.4182394837679856,0.49726674420631545,0.28909815647495085,120
-0.04858286533234624,-0.2722608069989694,0.02360973363719232,102
0.35001891740205016,-0.39615843625189073,-0.4351900224316686,210
0.3779822791628583,0.048548552908267206,-0.05081262879651438,210
-0.23739465376789648,0.4609299514032227,0.24443764998625883,021
-0.36734092475465874,0.00435079484860823,-0.3458498279693525,021
-0.21966246371600295,0.0983620386501568,-0.25512032351370784,120
-0.022352952460362507,0.3936310135179858,-0.499328302279749,120
-0.47287531760618573,0.030400069316941947,0.14435638442386178,012
0.054658889002780264,-0.2071483050789974,0.480986619429281,102
0.16775605639930802,-0.12887614885003673,0.47489597555447804,102
0.1674654198298634,-0.05498964620172997,0.22046982592285236,102
0.008268040775396557,0.05084209136112494,0.3138374916099268,012
-0.2785038545043085,-0.36962365786051155,0.18476738744854815,102
-0.36043945181133363,-0.03988622250808893,0.2156371671424301,012
0.4026457860580317,-0.30749128436387574,-0.16491494708841103,201
-0.36811187858580374,-0.06645649290317068,0.31010150115099056,012
0.2138999197677528,0.3552711817567664,0.24388780007293642,021
-0.28835739340557875,-0.46117018342659233,0.2484580621824405,102
-0.15780022105459068,-0.06198456409112818,-0.3330161507304328,120
0.16893117159318904,-0.28917648516002525,-0.2040689982963606,201
-0.28471890343382134,0.37085698663376665,0.23709005480475887,021
0.18453662829843842,-0.1189703933768812,-0.14794809194701164,210
-0.3776690232810034,-0.08577560766014702,-0.17102890682929672,021
-0.4833292315539932,-0.009567898038210565,0.14722730666937256,012
-0.32303350014994514,0.07792195518626144,0.3797118082829086,012
-0.08619539451696845,0.16767255084993682,0.40121099245474745,012
-0.3109943412906637,-0.3399668952176512,-0.05920168947560456,102
0.26295004369383734,-0.0864515359342859,0.12293760018402289,201
0.21117496945089353,-0.4905933882640513,-0.11110052421915817,201
0.42850976523930284,0.39562371730776735,0.22693690714741022,210
0.07747090754460473,-0.2947600091577468,-0.3187437129957068,210
0.2468841129127377,0.1250238998786869,-0.4866921424323364,210
0.14488383410570116,-0.35115537236889516,0.38713540644691335,102
-0.01016737563616954,0.06919031659819386,-0.4586537354142204,120
-0.29974285432311687,0.33835278141247827,0.11991272765564742,021
0.47530030371166376,-0.023232516861626862,0.17825337884731873,201
-0.2183951731043111,-0.21735747993891352,-0.2583269726863483,120
0.30631692473641525,0.28431406290978833,-0.21531131850269059,210
0.38994702940430404,-0.4295347262669784,0.1168525841660607,201
0.19656636610351963,0.1322862929623838,-0.22734805981767758,210
0.1357656116684569,0.07509765637363497,-0.041224429613298086,210
-0.45034037232252777,0.125814004088604,-0.39688937746663466,021
0.14415466692989354,-0.10971957487387607,0.26295667419639135,102
0.24781941415815723,0.23229101012311526,0.23879350595829507,201
0.16461422752176413,-0.36210405337522944,0.19514580663044345,102
0.22394304455236747,-0.20584046369909204,-0.4307123826684559,210
-0.45402699425758386,-0.0731448205314087,0.376206872394116,012
0.277771794862536,0.12339587875048996,-0.2333253971235526,210
0.49035832576264937,0.300443630801874,-0.24344998039239718,210
-0.30583881509694855,0.13462088896909563,0.16961509621022564,012
0.28586288709244123,-0.27979563866555424,-0.00996266336963314,201
0.3995835305904837,-0.15239315113541474,-0.11189602676526111,201
-0.31566746800209,0.11265269489586449,0.4360375144597495,012
-0.16207976961232196,0.3201460671008265,0.28715249920133523,021
0.46661894020219863,0.3687273060001466,0.392273252146935,201
-0.38307835588386085,-0.3392706613857174,0.14187646339305438,012
-0.0668533135082332,-0.39662821607132714,0.030167201408700883,102
0.42308030886339254,-0.3147277690492547,-0.22113116085280637,201
0.3357459874938413,-0.4409394894610442,0.320821441479452,201
-0.45277015433579837,-0.3857249962392354,0.07640980748498649,012
0.4710890764873684,-0.4478748018924873,0.44573862240077544,201
-0.13370647215976905,0.31253112450835674,-0.053917332721089006,021
-0.2575489205293119,0.16456310914462025,0.3151507631760453,012
0.23446861330833124,-0.01020412512671487,0.38787602158366863,102
0.0332509621485364,-0.4077943821755913,-0.4036804101783885,201
-0.02992078175539059,-0.34581709575253394,-0.3267650822850646,201
-0.019670754861929707,-0.22061127489773447,-0.4879167042342504,210
0.3665533219787571,0.32936514506040093,-0.016624281188512002,210
-0.42637746879789973,0.4103501564796257,-0.4773497824076508,120
0.0021214372133810944,-0.3451708744562141,0.24385633158259512,102
-0.005265652515284991,0.28205293072802784,-0.02114065143555799,120
0.04681095473655339,-0.1900623813423724,0.22120632972343757,102
-0.016372374298183723,0.13164146150740952,-0.1853220354747307,120
0.10013117787620618,-0.46745315261428466,0.41765730817194946,102
0.19704515127299294,-0.43935253686591547,-0.366524119862943,201
0.10703608423463395,-0.4380451140234901,-0.28908506396651323,201
-0.0863577145042409,0.47701678124201297,-0.28496905124240546,120
-0.3625258513845351,-0.3046392528005061,-0.4870871248009494,120
0.24089054071921456,-0.49325284510990286,-0.3819889856980082,201
-0.1815147179304557,-0.14308049097139686,-0.07654016644820982,012
0.3032359097492049,0.03151633183470959,0.06792415132179552,201
0.4529113132401773,-0.2246006610163661,-0.37546665185492856,210
0.35742682610668985,0.44387162344194386,-0.10277625449699535,120
0.4946979359109759,0.10611749171386564,-0.05784341477991928,210
0.11666265483302152,-0.33586001535890986,0.20879411893207,102
0.10220974851651454,0.3298424039798272,-0.2986446157147047,120
-0.26156162591461873,0.20522225134368965,0.44229628909142615,012
-0.2561487403294256,0.14879227766704584,0.14542015395258068,021
0.36132596162705843,-0.002351113342320854,0.29737072137769427,201
0.44784770975261,-0.24722909759850298,-0.16552579837092696,201
0.44855365053878093,0.23698221437824807,-0.488168569185501,210
0.3351194529699133,0.2460467832971608,0.4843146177626596,102
-0.12365182194938473,-0.33683378015071563,0.3355669396784372,102
-0.1179039787457028,0.3381083155513148,0.01372747212872194,021
-0.19968802374511418,-0.33634280513447967,-0.27327377926185636,201
0.0946126229766383,-0.321333093160481,0.1604491853191916,102
-0.14539264627956738,0.14614172900608602,0.3278367436814944,012
0.2125244042305774,-0.15629575261721684,0.11077272800578986,201
0.14439259144620065,0.003135920950800397,0.3215507386139973,102
-0.3032020518956744,0.089042195691998,-0.22494631265559673,021
0.280166212704822,0.11138559211940413,-0.34981812945153146,210
-0.4994107726366883,0.3790674915741258,0.3976849709224274,012
0.49669476896300746,0.2932678943925139,-0.15728526800057718,210
-0.3275051295360175,0.35136993795914795,0.24563762903312658,021
0.2035570492936215,-0.18440691671033593,-0.44581496144326693,210
0.06299197606064999,0.23094170766988154,0.306808909974004,012
-0.20856048105784553,-0.4512453065819778,-0.3360041988777509,201
-0.12016707288537232,-0.24800741353010414,0.45043361314318486,102
-0.0036366170395378816,-0.014878974828802183,-0.3838461517682332,210
0.03945484156013024,0.16474292732311568,0.2914120755284527,012
-0.22213492001269608,-0.015506924766880203,-0.07042008565107016,021
-0.036848443840281964,-0.12101208597077173,-0.40833077788777605,210
0.38719498543134634,0.055321029488192064,0.19345335623106852,201
0.11877716785526415,0.2977852398116666,0.3571221900868393,012
-0.477064391233631,0.4170089699468319,0.43192876321958673,012
0.16517772982587975,0.3759159084968413,-0.22997857131360977,120
0.41907493476299673,0.26167209260498003,0.4347747994033637,102
0.440903644127012,0.20348350105293256,0.2890449746468947,201
-0.4408868053537086,0.3024654258864785,-0.19915518484945327,021
0.09124457448988021,0.055468567157035964,0.3524846305456827,102
-0.09167054086110982,-0.1844702212493149,-0.273214590461456,210
0.13835296525078067,-0.4196885428064886,0.1624973723391383,102
0.36831576967510116,-0.4856039224243923,-0.478407308614209,201
0.2680815698705702,-0.12558253220594962,0.45937935076697844,102
-0.10360896648061446,-0.28027574332187233,-0.3105001648788588,210
0.12714735549071432,-0.4408207500257958,0.3771726179959878,102
-0.4808930445534214,-0.16593197194926723,0.3542508065778812,012
0.2054330975768185,-0.1705174085066209,0.07752301879539225,201
0.2943248240709566,-0.402312925001596,-0.19112122328368808,201
-0.24364492459763576,0.07772333387139685,0.456469880568279,012
0.3994624152610383,0.14780722384880485,0.3306206854845336,201
0.22265940772206927,-0.37189453524892924,-0.450942315729586,210
-0.4059510888029826,0.47969734213839077,0.07085021564631,021
0.4251998496261493,-0.3794596148452637,-0.2584128242424294,201
-0.2863821560485149,0.021490594706764954,-0.3521602939393208,120
-0.024824488240616005,-0.1620806736918362,0.2735145055115159,102
-0.4447529120291722,0.3991660226712981,-0.10576292359457751,021
-0.15109706195202566,0.0674256439798887,0.2655094789420598,012
-0.399597126363781,0.24673281713514617,0.20071479983979024,021
0.16803225735152316,0.2204803825883731,0.17714575731796112,021
-0.48056955625761333,0.1374300516974405,0.1343860433554549,021
-0.3015029727707996,-0.1699945039025711,0.4195329486495858,012
-0.24300375646500227,0.044527824331904386,-0.3526562416742758,120
0.3689117454327152,-0.18840856406811524,-0.10045413527305058,201
0.39534745441363117,0.4308153995719102,0.2539371685389631,120
-0.13627838259342373,-0.12028668641647366,-0.16468044171506502,120
-0.22450056649433914,-0.3649682074312759,0.2258505842950288,102
0.27856657182437883,0.12359590312434343,-0.3497537006457001,210
0.3833417841248966,0.11573698220309436,0.042620662914365504,210
-0.13592081286284552,-0.40359258701701917,-0.2550116510037529,201
-0.19533647647839547,-0.41957283134149137,-0.2761898907670155,201
-0.4552150532996452,-0.496207675213431,0.4365503534128008,102
0.41629002002810533,-0.196581179528038,0.3926005942109513,201
0.20524400804956777,-0.24752131425232016,0.4343620664537007,102
0.2492054448531752,-0.22972264375952478,-0.12579685293014253,201
-0.3486145641213938,0.026666072113290085,-0.08253322979186406,021
0.36216833076747657,0.05575321020455859,-0.41679344717332356,210
0.2949879952568405,-0.2065834265049188,0.29950410661468807,102
-0.017053572337306533,-0.007651123531709381,0.2639528895166746,012
-0.01339152890223172,-0.2422161419530322,0.33667482035747565,102
0.3178734619032356,0.028713101508205274,0.2624910895037461,201
0.34863796940187153,-0.4724422301219776,-0.12117064721192161,201
-0.3023008752695935,0.049965372078338066,0.2662887554853226,012
-0.31390571425939984,-0.3757096158761891,-0.4992076383075503,210
0.28580119561589024,0.05276240042822,-0.17961808625080888,210
-0.11288699167792171,-0.4222268663732113,0.4836181101053513,102
-0.1461243732652202,-0.03720996213186012,0.3459999380237213,012
-0.19057812826930276,-0.09943212503841414,-0.44068177750427695,120
0.311582797751929,-0.1073412416366849,0.44668213469636475,102
-0.24202724468805137,-0.31807209631808875,0.1832599649184775,102
0.20160086813281253,-0.1044454568999531,0.2413376447649912,102
0.2535271821672619,0.20708680719666783,-0.16281924758803534,210
-0.010222436125643997,-0.15783169281802567,0.28535614942766163,102
0.43476960197452963,0.30115415775346843,0.45763131249625044,102
0.4032505857145463,0.48001243445763375,0.41568379574098857,021
0.4583726941163695,-0.4484030994689059,-0.045309079346475434,201
0.3511502175239116,-0.00959625963623656,-0.4056540178249951,210
-0.3112503447429572,-0.4924208089137495,-0.19917733197938237,102
-0.04013060454576922,-0.09393490512216318,-0.16385794636694917,210
0.46636681248677214,0.4542024798346064,-0.18739498066758653,210
0.42832499210800523,-0.013961402787118882,-0.333425866317116,210
0.08095586224607865,-0.2882973718651065,0.4724065882215216,102
0.3860568430619672,-0.3048281458731612,-0.43792889941606716,210
0.19091596979014513,-0.34587050149109155,0.2401332044460286,102
-0.1995952876015996,0.1223695947263631,0.10318415428799732,021
-0.46549277721534776,-0.2797620801331341,0.2505196487865121,012
0.07759767851539512,0.24057665359787506,0.4779847329762854,012
-0.49954389585815984,0.013429281040107544,0.04862569386386384,012
0.47266835955881514,-0.484570606334637,0.28590568815121653,201
0.1266542207778253,-0.15277889339277495,-0.27111192643425286,210
0.2929158255102322,0.4675284287178234,0.13398856012778426,120
-0.4847820959839255,-0.06790054303775994,0.15856807448072663,012
-0.13679580696324312,-0.22972843846954638,-0.05629795193732001,102
-0.020985417826138497,0.33519720705919676,-0.4881976388073237,120
0.12368664276509833,-0.26820079136129404,0.44166950234289226,102
-0.26686893667153766,0.2447171795002423,-0.4743963191595806,120
0.41391568823209857,-0.045554389941654394,-0.006762083542358743,201
-0.14100695976099642,-0.009543211604453594,-0.15949525633290773,120
-0.0803845138513265,0.3593601088964484,-0.3795260258727856,120
0.1787194639936639,0.4771493817622058,0.2958136844888991,021
0.24212131461633335,-0.35484652338031686,-0.4687185306264482,210
-0.12079401258011135,0.2124474983085125,-0.011374784318702091,021
0.18781435999981333,-0.48815934176341025,-0.19691058877970613,201
-0.3205684895443478,0.48988393132894614,-0.40751146012167494,120
-0.029043266629502407,-0.19465931528399383,0.23046264598750954,102
0.4585725929703698,-0.4649810666210674,0.2867405560963826,201
0.12767623880762036,0.2085393874625403,-0.2593547647170399,120
-0.3608743611645112,-0.05138321086187558,-0.28388188222019073,021
0.33698525664259926,-0.05451796190123159,0.16842667902669517,201
0.02397282423716096,0.2760518036658155,0.3037802809363175,012
-0.17764044874008544,-0.3485114642468281,0.3285901790132848,102
0.3580570401668508,0.09028676859023366,-0.04143386612562361,210
-0.10817536710649645,0.2113125911682524,0.34904871013234007,012
0.02691756039240889,-0.21349328178179605,-0.2679016981051576,210
0.1369577947415872,0.3631992147895169,-0.4303747736677568,120
-0.0630795849012763,-0.12580514460853842,-0.18032845738582648,210
0.48857204980704017,0.497580877816025,-0.21149901001680294,120
-0.38120183237418725,0.4660411128726545,0.1066312818337628,021
0.36174999896569093,-0.09045567752315142,0.15905349334877972,201
-0.007646914478508959,-0.2580178067283585,-0.24450819471549268,201
0.44050489812139926,0.41904297712960903,0.3717828495509905,210
0.329129611178839,-0.009858586895060917,0.10757677313618141,201
-0.01469077267071317,0.3733497946002349,-0.3154563069023837,120
-0.09569277213115346,-0.29846969960717273,-0.3688806706788941,210
0.21168875193253645,0.04567273926500237,-0.4563632131771481,210
-0.03918315334556677,0.22624287227614803,-0.45626477692199163,120
0.14800062941861236,-0.44547141706724336,0.14049884292970816,201
-0.06656774963901191,0.08675048251084905,0.2192743987134913,012
-0.12027591961562067,0.05327292863945421,0.4746163560890656,012
-0.2185988694652642,0.008805211628465703,-0.017866486050719388,021
-0.3670421220240436,-0.048057332461512,-0.1304962538433987,021
0.276606755534593,-0.17001860226801568,-0.18609919431569588,210
-0.15260131772557628,0.1903613053402482,0.47600179910553797,012
-0.33765844343511797,0.018123084419060964,-0.2361088160346282,021
0.25835833460540525,0.3976893344305733,0.3873688547566747,021
-0.40047281129091283,0.4952453625664853,-0.1669934467156391,021
-0.08588626021050572,-0.1244387967898869,0.014357824248171114,102
0.25275157106238944,-0.2110015925009867,-0.1268860507619578,201
-0.1771466968439538,0.03570227813055382,-0.05938699538060388,021
-0.4387690590785811,0.07656191359401443,-0.2191094438506409,021
0.04569991931127948,-0.12536596389059396,0.0889135773345997,102
-0.41145072040346453,-0.275681735328583,0.10066473237824747,012
0.06430554748191697,-0.14951340412154224,-0.01400298200924921,201
-0.47666528227021665,0.2076495745979844,-0.4447766816388614,021
-0.08265573366736456,0.3805328657030934,-0.25393781057668585,120
0.06647643855640661,-0.3876744015924488,0.1834549347132216,102
-0.3665147265785448,-0.2634290119890075,-0.45976238709670214,120
0.05928422852762605,-0.3540902341369403,0.011918354121188246,201
0.06631969668230964,-0.26516375790498037,-0.2040637262020255,201
-0.1826801858868058,-0.13838323996355362,0.38105768684259334,012
0.12299916429998414,0.45634098921422683,-0.06946824511201188,120
0.3727052735705805,0.2266479127108777,0.4818713052215252,102
0.18299345007386492,-0.004545596040572475,-0.11163517939550827,210
-0.4102293598417033,0.12720767182410564,0.4012279252367784,012
0.11220940968302107,0.10323374421284326,-0.1572003254621155,210
-0.23678805094973954,-0.4050288262202475,-0.05998479481357022,102
-0.17159700139976497,-0.2663950507619903,-0.26576483453531863,201
0.03985106506877378,-0.1979263784082359,0.4801150665016466,102
-0.18898653396865894,-0.04421731778538207,0.28443634561083286,012
0.19266668250380592,-0.16068198041858295,0.0656546947120451,201
0.2105772135858811,0.043404635559175064,-0.283106970863955,210
0.4535282009819098,-0.33016497933463085,0.43638441442928777,201
-0.3370407534628548,0.33343348612537305,-0.38503539328983494,120
0.41772723620951013,0.3779090191480401,0.041805139710705985,210
0.49280870593002,0.25601357139674996,0.18410654877501098,210
0.014870559883773504,0.15387624132694167,0.34956776038284776,012
0.1983263718742616,0.0491074671359748,-0.09408185647506973,210
0.05501124012367642,-0.38428965079305855,-0.1293313808415134,201
0.10850866501344525,-0.47357752585473,0.48694318836081774,102
-0.3552927141964738,-0.3753175166628566,-0.41437469899295665,210
-0.0018760544805468404,0.2471487712660172,-0.17317695293556856,120
0.4071550705850312,-0.4112691026362435,-0.42375518672987256,210
-0.2989778631034433,0.24425814419369996,0.4748771022603885,012
0.4547328426396211,0.49481810348190647,-0.22501262423189294,120
0.3084339624710001,-0.48071864432483935,0.3051764072605493,201
0.4437132460010008,-0.21284288749797975,-0.3125043907298737,210
0.10547323882835835,-0.1159093765614686,0.17923159834291003,102
-0.3554703818364242,0.02530578600215394,-0.10152001003451838,021
0.20951028820593387,0.1676032683513119,-0.473306692866338,210
-0.35033920759699044,0.4736420842066742,0.11396737087436948,021
0.1083783518689525,-0.17074410292719222,0.3853774879840145,102
-0.3937651203593221,0.3940755152550627,0.29015402886212005,021
-0.07277571494573543,0.12970827355905945,0.45241356412734657,012
0.39399239257373975,-0.32928144083633637,-0.20159441705165204,201
-0.31634194850412434,-0.42551205151304317,0.12527313402714546,102
0.17920401622756255,-0.20060912539128994,0.4534129707831742,102
-0.45676435633473145,-0.2197430745526171,-0.14597994873624986,012
-0.47805445736148044,-0.05393227033028081,0.40546059823636427,012
0.053334759650037755,0.07960172634984097,0.08329380713355905,012
-0.14329230477985422,0.19024533862398008,-0.02445812782928558,021
0.10159547562985338,0.4856987075073428,-0.3401887804282079,120
0.4815548722731241,0.09746685870179084,-0.32337048029138027,210
-0.37653696291111294,0.4607464419468038,0.3575894146584062,021
0.2584089435363155,0.2617986459509777,-0.011492610002474257,120
-0.39156513455039743,-0.21478902714600112,-0.3114879789532219,021
-0.43415700414158764,-0.2094658734288296,-0.4566704792145987,120
-0.4853329916417223,0.19432423805329224,-0.4456788725261259,021
-0.3071090454235341,-0.4494960062063381,-0.36329678178703295,201
0.241445897163729,0.4734860022989741,-0.06080003696144576,120
0.08016878384897663,-0.3912425987171697,-0.07445353788403797,201
-0.3289220956490726,-0.032850114261936736,0.4764479198894287,012
0.01591154845814524,0.06605404222480427,-0.33656498181610417,120
-0.14343224782950048,0.02398355757189563,0.2322878649238398,012
-0.17184084198135852,0.238732848682343,-0.03290354731365164,021
0.4919912854217129,0.24575378446934337,0.1005043601480976,210
0.3149774764047255,-0.18227140184420432,0.32806194539881894,102
-0.12367817701283979,-0.07618688085906933,0.21288513131503384,012
0.4318317493356044,0.43277473160702395,0.38699355081276965,120
-0.10938540540676944,-0.27284623656590024,-0.10651770375229608,102
0.26462571335488216,0.056183886105017566,0.4565103689837823,102
-0.14226538548128365,0.3399169573001404,-0.3349467994983788,120
-0.27955487670430357,-0.23711577786832982,0.09693733628462553,012
-0.20171750412473244,-0.2085112078067476,0.11251084612451434,102
0.3067183464012123,-0.4323009302174866,-0.4114685629958519,201
-0.33481017166080085,0.4719168599229162,0.4188963092930065,021
0.00867707701859255,-0.08045125758175031,0.4023411209446358,102
0.3854034165658258,-0.04716899877321079,-0.056017389326146194,210
0.4614475734588983,-0.16853034090104246,-0.48877858732550017,210
-0.31638604618030475,-0.04869650284976679,0.1838943920650452,012
-0.3269089988818592,-0.051286413961790234,0.3557116823414581,012
0.014876409640895538,-0.04597177291971488,-0.47046054993471387,210
0.39007243629640465,0.009017657895500242,0.1825164398268413,201
-0.31002496645135313,0.31642669377642185,-0.2711341098840191,021
0.370592468265561,-0.13097799543701238,-0.4000254810604973,210
0.24692440978971553,-0.3257872244789065,-0.18818155742503662,201
-0.32850296872064155,0.23026064103061195,-0.3399480679126109,120
-0.21893040579295042,-0.30403120620320256,0.2556645678907282,102
0.35949820113547215,-0.191565843561183,0.11488210817637401,201
0.30350279957631165,0.09205128925600636,-0.3849612696621857,210
0.17639154456136885,0.1403277397796563,-0.1431731077317112,210
-0.24170365582247932,-0.01125503098108982,-0.234624182624657,021
0.3060768607331913,0.3411069625771638,-0.2526089530262764,120
0.45234390598773366,-0.22758822734476314,0.18715445777464434,201
-0.13636457444076866,0.03597396037697753,0.005595973499605722,021
-0.20858054540136017,-0.020585181376455486,0.05951437070594001,012
0.4937027430271561,-0.1785089003308945,0.26616093753169345,201
0.10039267126485896,0.1968246841846626,0.3138298666340291,012
0.0035139254915645957,0.24667566777747196,-0.4347133415742186,120
-0.017709131799681477,0.18989315798567985,-0.21321861231864614,120
